[
 {
   "HCV Registry Veterans in VHA Care in 2015, for the Nation, by VISN and by Station": "",
   "FIELD2": "",
   "FIELD3": "",
   "FIELD4": ""
 },
 {
   "HCV Registry Veterans in VHA Care in 2015, for the Nation, by VISN and by Station": "VISN",
   "FIELD2": "HCV Registry",
   "FIELD3": "HCV Positive",
   "FIELD4": "HCV Viremic"
 },
 {
   "HCV Registry Veterans in VHA Care in 2015, for the Nation, by VISN and by Station": "1",
   "FIELD2": "8,219",
   "FIELD3": "7,367",
   "FIELD4": "6,075"
 },
 {
   "HCV Registry Veterans in VHA Care in 2015, for the Nation, by VISN and by Station": "2",
   "FIELD2": "12,293",
   "FIELD3": "11,220",
   "FIELD4": "9,324"
 },
 {
   "HCV Registry Veterans in VHA Care in 2015, for the Nation, by VISN and by Station": "4",
   "FIELD2": "11,296",
   "FIELD3": "10,509",
   "FIELD4": "8,886"
 },
 {
   "HCV Registry Veterans in VHA Care in 2015, for the Nation, by VISN and by Station": "5",
   "FIELD2": "9,551",
   "FIELD3": "8,887",
   "FIELD4": "7,905"
 },
 {
   "HCV Registry Veterans in VHA Care in 2015, for the Nation, by VISN and by Station": "6",
   "FIELD2": "12,912",
   "FIELD3": "12,226",
   "FIELD4": "10,828"
 },
 {
   "HCV Registry Veterans in VHA Care in 2015, for the Nation, by VISN and by Station": "7",
   "FIELD2": "14,671",
   "FIELD3": "13,453",
   "FIELD4": "11,882"
 },
 {
   "HCV Registry Veterans in VHA Care in 2015, for the Nation, by VISN and by Station": "8",
   "FIELD2": "21,652",
   "FIELD3": "19,706",
   "FIELD4": "16,341"
 },
 {
   "HCV Registry Veterans in VHA Care in 2015, for the Nation, by VISN and by Station": "9",
   "FIELD2": "9,920",
   "FIELD3": "9,362",
   "FIELD4": "8,148"
 },
 {
   "HCV Registry Veterans in VHA Care in 2015, for the Nation, by VISN and by Station": "10",
   "FIELD2": "17,920",
   "FIELD3": "16,724",
   "FIELD4": "14,482"
 },
 {
   "HCV Registry Veterans in VHA Care in 2015, for the Nation, by VISN and by Station": "12",
   "FIELD2": "8,382",
   "FIELD3": "7,735",
   "FIELD4": "6,710"
 },
 {
   "HCV Registry Veterans in VHA Care in 2015, for the Nation, by VISN and by Station": "15",
   "FIELD2": "8,457",
   "FIELD3": "8,008",
   "FIELD4": "6,813"
 },
 {
   "HCV Registry Veterans in VHA Care in 2015, for the Nation, by VISN and by Station": "16",
   "FIELD2": "17,901",
   "FIELD3": "16,734",
   "FIELD4": "14,445"
 },
 {
   "HCV Registry Veterans in VHA Care in 2015, for the Nation, by VISN and by Station": "17",
   "FIELD2": "14,053",
   "FIELD3": "13,209",
   "FIELD4": "11,024"
 },
 {
   "HCV Registry Veterans in VHA Care in 2015, for the Nation, by VISN and by Station": "18",
   "FIELD2": "7,917",
   "FIELD3": "7,240",
   "FIELD4": "5,956"
 },
 {
   "HCV Registry Veterans in VHA Care in 2015, for the Nation, by VISN and by Station": "19",
   "FIELD2": "9,639",
   "FIELD3": "8,958",
   "FIELD4": "7,740"
 },
 {
   "HCV Registry Veterans in VHA Care in 2015, for the Nation, by VISN and by Station": "20",
   "FIELD2": "12,655",
   "FIELD3": "11,955",
   "FIELD4": "9,582"
 },
 {
   "HCV Registry Veterans in VHA Care in 2015, for the Nation, by VISN and by Station": "21",
   "FIELD2": "14,750",
   "FIELD3": "13,743",
   "FIELD4": "11,609"
 },
 {
   "HCV Registry Veterans in VHA Care in 2015, for the Nation, by VISN and by Station": "22",
   "FIELD2": "11,912",
   "FIELD3": "11,253",
   "FIELD4": "9,781"
 },
 {
   "HCV Registry Veterans in VHA Care in 2015, for the Nation, by VISN and by Station": "23",
   "FIELD2": "6,960",
   "FIELD3": "6,476",
   "FIELD4": "5,238"
 }
]