[
 {
   "HCV Registry Veterans in VHA Care in 2015, for the Nation, by VISN and by Station": "",
   "FIELD2": "",
   "FIELD3": "",
   "FIELD4": ""
 },
 {
   "HCV Registry Veterans in VHA Care in 2015, for the Nation, by VISN and by Station": "Station",
   "FIELD2": "HCV Registry",
   "FIELD3": "HCV Positive",
   "FIELD4": "HCV Viremic"
 },
 {
   "HCV Registry Veterans in VHA Care in 2015, for the Nation, by VISN and by Station": "358 Manila",
   "FIELD2": "98",
   "FIELD3": "85",
   "FIELD4": "56"
 },
 {
   "HCV Registry Veterans in VHA Care in 2015, for the Nation, by VISN and by Station": "402 Togus",
   "FIELD2": "1,113",
   "FIELD3": "899",
   "FIELD4": "634"
 },
 {
   "HCV Registry Veterans in VHA Care in 2015, for the Nation, by VISN and by Station": "405 White River Jct",
   "FIELD2": "554",
   "FIELD3": "506",
   "FIELD4": "442"
 },
 {
   "HCV Registry Veterans in VHA Care in 2015, for the Nation, by VISN and by Station": "436 Fort Harrison",
   "FIELD2": "934",
   "FIELD3": "876",
   "FIELD4": "715"
 },
 {
   "HCV Registry Veterans in VHA Care in 2015, for the Nation, by VISN and by Station": "437 Fargo",
   "FIELD2": "517",
   "FIELD3": "464",
   "FIELD4": "384"
 },
 {
   "HCV Registry Veterans in VHA Care in 2015, for the Nation, by VISN and by Station": "438 Sioux Falls",
   "FIELD2": "465",
   "FIELD3": "437",
   "FIELD4": "346"
 },
 {
   "HCV Registry Veterans in VHA Care in 2015, for the Nation, by VISN and by Station": "442 Cheyenne",
   "FIELD2": "432",
   "FIELD3": "396",
   "FIELD4": "341"
 },
 {
   "HCV Registry Veterans in VHA Care in 2015, for the Nation, by VISN and by Station": "459 Honolulu",
   "FIELD2": "922",
   "FIELD3": "748",
   "FIELD4": "625"
 },
 {
   "HCV Registry Veterans in VHA Care in 2015, for the Nation, by VISN and by Station": "460 Wilmington",
   "FIELD2": "1,314",
   "FIELD3": "1,172",
   "FIELD4": "923"
 },
 {
   "HCV Registry Veterans in VHA Care in 2015, for the Nation, by VISN and by Station": "463 Anchorage",
   "FIELD2": "601",
   "FIELD3": "576",
   "FIELD4": "532"
 },
 {
   "HCV Registry Veterans in VHA Care in 2015, for the Nation, by VISN and by Station": "501 Albuquerque",
   "FIELD2": "2,142",
   "FIELD3": "2,007",
   "FIELD4": "1,671"
 },
 {
   "HCV Registry Veterans in VHA Care in 2015, for the Nation, by VISN and by Station": "502 Alexandria",
   "FIELD2": "1,056",
   "FIELD3": "1,016",
   "FIELD4": "920"
 },
 {
   "HCV Registry Veterans in VHA Care in 2015, for the Nation, by VISN and by Station": "503 Altoona",
   "FIELD2": "445",
   "FIELD3": "411",
   "FIELD4": "351"
 },
 {
   "HCV Registry Veterans in VHA Care in 2015, for the Nation, by VISN and by Station": "504 Amarillo",
   "FIELD2": "875",
   "FIELD3": "827",
   "FIELD4": "713"
 },
 {
   "HCV Registry Veterans in VHA Care in 2015, for the Nation, by VISN and by Station": "506 Ann Arbor",
   "FIELD2": "1,835",
   "FIELD3": "1,747",
   "FIELD4": "1,555"
 },
 {
   "HCV Registry Veterans in VHA Care in 2015, for the Nation, by VISN and by Station": "508 Atlanta",
   "FIELD2": "4,174",
   "FIELD3": "3,893",
   "FIELD4": "3,480"
 },
 {
   "HCV Registry Veterans in VHA Care in 2015, for the Nation, by VISN and by Station": "509 Augusta",
   "FIELD2": "1,328",
   "FIELD3": "1,204",
   "FIELD4": "1,098"
 },
 {
   "HCV Registry Veterans in VHA Care in 2015, for the Nation, by VISN and by Station": "512 Baltimore",
   "FIELD2": "3,634",
   "FIELD3": "3,431",
   "FIELD4": "3,172"
 },
 {
   "HCV Registry Veterans in VHA Care in 2015, for the Nation, by VISN and by Station": "515 Battle Creek",
   "FIELD2": "1,373",
   "FIELD3": "1,303",
   "FIELD4": "1,125"
 },
 {
   "HCV Registry Veterans in VHA Care in 2015, for the Nation, by VISN and by Station": "516 Bay Pines",
   "FIELD2": "4,058",
   "FIELD3": "3,823",
   "FIELD4": "3,030"
 },
 {
   "HCV Registry Veterans in VHA Care in 2015, for the Nation, by VISN and by Station": "517 Beckley",
   "FIELD2": "325",
   "FIELD3": "307",
   "FIELD4": "278"
 },
 {
   "HCV Registry Veterans in VHA Care in 2015, for the Nation, by VISN and by Station": "518 Bedford",
   "FIELD2": "739",
   "FIELD3": "688",
   "FIELD4": "569"
 },
 {
   "HCV Registry Veterans in VHA Care in 2015, for the Nation, by VISN and by Station": "519 Big Spring",
   "FIELD2": "808",
   "FIELD3": "762",
   "FIELD4": "612"
 },
 {
   "HCV Registry Veterans in VHA Care in 2015, for the Nation, by VISN and by Station": "520 Biloxi",
   "FIELD2": "2,730",
   "FIELD3": "2,437",
   "FIELD4": "2,109"
 },
 {
   "HCV Registry Veterans in VHA Care in 2015, for the Nation, by VISN and by Station": "521 Birmingham",
   "FIELD2": "2,442",
   "FIELD3": "2,295",
   "FIELD4": "2,011"
 },
 {
   "HCV Registry Veterans in VHA Care in 2015, for the Nation, by VISN and by Station": "523 Boston",
   "FIELD2": "2,467",
   "FIELD3": "2,290",
   "FIELD4": "1,910"
 },
 {
   "HCV Registry Veterans in VHA Care in 2015, for the Nation, by VISN and by Station": "526 Bronx",
   "FIELD2": "1,713",
   "FIELD3": "1,642",
   "FIELD4": "1,425"
 },
 {
   "HCV Registry Veterans in VHA Care in 2015, for the Nation, by VISN and by Station": "528 Upstate New York",
   "FIELD2": "3,929",
   "FIELD3": "3,486",
   "FIELD4": "2,831"
 },
 {
   "HCV Registry Veterans in VHA Care in 2015, for the Nation, by VISN and by Station": "529 Butler",
   "FIELD2": "447",
   "FIELD3": "410",
   "FIELD4": "332"
 },
 {
   "HCV Registry Veterans in VHA Care in 2015, for the Nation, by VISN and by Station": "531 Boise",
   "FIELD2": "922",
   "FIELD3": "879",
   "FIELD4": "712"
 },
 {
   "HCV Registry Veterans in VHA Care in 2015, for the Nation, by VISN and by Station": "534 Charleston",
   "FIELD2": "1,831",
   "FIELD3": "1,684",
   "FIELD4": "1,498"
 },
 {
   "HCV Registry Veterans in VHA Care in 2015, for the Nation, by VISN and by Station": "537 Chicago",
   "FIELD2": "2,575",
   "FIELD3": "2,454",
   "FIELD4": "2,162"
 },
 {
   "HCV Registry Veterans in VHA Care in 2015, for the Nation, by VISN and by Station": "538 Chillicothe",
   "FIELD2": "798",
   "FIELD3": "729",
   "FIELD4": "660"
 },
 {
   "HCV Registry Veterans in VHA Care in 2015, for the Nation, by VISN and by Station": "539 Cincinnati",
   "FIELD2": "1,699",
   "FIELD3": "1,614",
   "FIELD4": "1,488"
 },
 {
   "HCV Registry Veterans in VHA Care in 2015, for the Nation, by VISN and by Station": "540 Clarksburg",
   "FIELD2": "569",
   "FIELD3": "558",
   "FIELD4": "495"
 },
 {
   "HCV Registry Veterans in VHA Care in 2015, for the Nation, by VISN and by Station": "541 Cleveland",
   "FIELD2": "4,233",
   "FIELD3": "3,960",
   "FIELD4": "3,428"
 },
 {
   "HCV Registry Veterans in VHA Care in 2015, for the Nation, by VISN and by Station": "542 Coatesville",
   "FIELD2": "1,016",
   "FIELD3": "975",
   "FIELD4": "862"
 },
 {
   "HCV Registry Veterans in VHA Care in 2015, for the Nation, by VISN and by Station": "544 Columbia SC",
   "FIELD2": "2,535",
   "FIELD3": "2,236",
   "FIELD4": "2,040"
 },
 {
   "HCV Registry Veterans in VHA Care in 2015, for the Nation, by VISN and by Station": "546 Miami",
   "FIELD2": "2,691",
   "FIELD3": "2,358",
   "FIELD4": "2,066"
 },
 {
   "HCV Registry Veterans in VHA Care in 2015, for the Nation, by VISN and by Station": "548 West Palm Beach",
   "FIELD2": "1,978",
   "FIELD3": "1,835",
   "FIELD4": "1,522"
 },
 {
   "HCV Registry Veterans in VHA Care in 2015, for the Nation, by VISN and by Station": "549 Dallas",
   "FIELD2": "5,050",
   "FIELD3": "4,854",
   "FIELD4": "4,022"
 },
 {
   "HCV Registry Veterans in VHA Care in 2015, for the Nation, by VISN and by Station": "550 Danville",
   "FIELD2": "813",
   "FIELD3": "754",
   "FIELD4": "614"
 },
 {
   "HCV Registry Veterans in VHA Care in 2015, for the Nation, by VISN and by Station": "552 Dayton",
   "FIELD2": "1,334",
   "FIELD3": "1,259",
   "FIELD4": "1,087"
 },
 {
   "HCV Registry Veterans in VHA Care in 2015, for the Nation, by VISN and by Station": "553 Detroit",
   "FIELD2": "2,586",
   "FIELD3": "2,366",
   "FIELD4": "2,057"
 },
 {
   "HCV Registry Veterans in VHA Care in 2015, for the Nation, by VISN and by Station": "554 Denver",
   "FIELD2": "2,805",
   "FIELD3": "2,695",
   "FIELD4": "2,516"
 },
 {
   "HCV Registry Veterans in VHA Care in 2015, for the Nation, by VISN and by Station": "556 North Chicago",
   "FIELD2": "678",
   "FIELD3": "609",
   "FIELD4": "538"
 },
 {
   "HCV Registry Veterans in VHA Care in 2015, for the Nation, by VISN and by Station": "557 Dublin",
   "FIELD2": "1,212",
   "FIELD3": "1,095",
   "FIELD4": "953"
 },
 {
   "HCV Registry Veterans in VHA Care in 2015, for the Nation, by VISN and by Station": "558 Durham",
   "FIELD2": "2,437",
   "FIELD3": "2,324",
   "FIELD4": "2,128"
 },
 {
   "HCV Registry Veterans in VHA Care in 2015, for the Nation, by VISN and by Station": "561 East Orange",
   "FIELD2": "2,384",
   "FIELD3": "2,256",
   "FIELD4": "1,944"
 },
 {
   "HCV Registry Veterans in VHA Care in 2015, for the Nation, by VISN and by Station": "562 Erie",
   "FIELD2": "397",
   "FIELD3": "370",
   "FIELD4": "297"
 },
 {
   "HCV Registry Veterans in VHA Care in 2015, for the Nation, by VISN and by Station": "564 Fayetteville AR",
   "FIELD2": "1,607",
   "FIELD3": "1,538",
   "FIELD4": "1,271"
 },
 {
   "HCV Registry Veterans in VHA Care in 2015, for the Nation, by VISN and by Station": "565 Fayetteville NC",
   "FIELD2": "1,570",
   "FIELD3": "1,494",
   "FIELD4": "1,375"
 },
 {
   "HCV Registry Veterans in VHA Care in 2015, for the Nation, by VISN and by Station": "568 Fort Meade",
   "FIELD2": "483",
   "FIELD3": "445",
   "FIELD4": "354"
 },
 {
   "HCV Registry Veterans in VHA Care in 2015, for the Nation, by VISN and by Station": "570 Fresno",
   "FIELD2": "1,238",
   "FIELD3": "1,175",
   "FIELD4": "970"
 },
 {
   "HCV Registry Veterans in VHA Care in 2015, for the Nation, by VISN and by Station": "573 Gainesville",
   "FIELD2": "4,619",
   "FIELD3": "4,136",
   "FIELD4": "3,411"
 },
 {
   "HCV Registry Veterans in VHA Care in 2015, for the Nation, by VISN and by Station": "575 Grand Junction",
   "FIELD2": "399",
   "FIELD3": "360",
   "FIELD4": "311"
 },
 {
   "HCV Registry Veterans in VHA Care in 2015, for the Nation, by VISN and by Station": "578 Hines",
   "FIELD2": "1,638",
   "FIELD3": "1,546",
   "FIELD4": "1,382"
 },
 {
   "HCV Registry Veterans in VHA Care in 2015, for the Nation, by VISN and by Station": "580 Houston",
   "FIELD2": "5,781",
   "FIELD3": "5,548",
   "FIELD4": "4,761"
 },
 {
   "HCV Registry Veterans in VHA Care in 2015, for the Nation, by VISN and by Station": "581 Huntington",
   "FIELD2": "963",
   "FIELD3": "879",
   "FIELD4": "635"
 },
 {
   "HCV Registry Veterans in VHA Care in 2015, for the Nation, by VISN and by Station": "583 Indianapolis",
   "FIELD2": "2,377",
   "FIELD3": "2,207",
   "FIELD4": "1,945"
 },
 {
   "HCV Registry Veterans in VHA Care in 2015, for the Nation, by VISN and by Station": "585 Iron Mountain",
   "FIELD2": "294",
   "FIELD3": "266",
   "FIELD4": "226"
 },
 {
   "HCV Registry Veterans in VHA Care in 2015, for the Nation, by VISN and by Station": "586 Jackson",
   "FIELD2": "1,398",
   "FIELD3": "1,157",
   "FIELD4": "993"
 },
 {
   "HCV Registry Veterans in VHA Care in 2015, for the Nation, by VISN and by Station": "589 Kansas City",
   "FIELD2": "4,362",
   "FIELD3": "4,121",
   "FIELD4": "3,617"
 },
 {
   "HCV Registry Veterans in VHA Care in 2015, for the Nation, by VISN and by Station": "590 Hampton",
   "FIELD2": "1,752",
   "FIELD3": "1,702",
   "FIELD4": "1,579"
 },
 {
   "HCV Registry Veterans in VHA Care in 2015, for the Nation, by VISN and by Station": "593 Las Vegas",
   "FIELD2": "2,177",
   "FIELD3": "2,030",
   "FIELD4": "1,774"
 },
 {
   "HCV Registry Veterans in VHA Care in 2015, for the Nation, by VISN and by Station": "595 Lebanon",
   "FIELD2": "1,340",
   "FIELD3": "1,249",
   "FIELD4": "1,042"
 },
 {
   "HCV Registry Veterans in VHA Care in 2015, for the Nation, by VISN and by Station": "596 Lexington",
   "FIELD2": "1,117",
   "FIELD3": "1,058",
   "FIELD4": "983"
 },
 {
   "HCV Registry Veterans in VHA Care in 2015, for the Nation, by VISN and by Station": "598 Little Rock",
   "FIELD2": "2,240",
   "FIELD3": "2,104",
   "FIELD4": "1,773"
 },
 {
   "HCV Registry Veterans in VHA Care in 2015, for the Nation, by VISN and by Station": "600 Long Beach",
   "FIELD2": "2,202",
   "FIELD3": "1,996",
   "FIELD4": "1,808"
 },
 {
   "HCV Registry Veterans in VHA Care in 2015, for the Nation, by VISN and by Station": "603 Louisville",
   "FIELD2": "1,442",
   "FIELD3": "1,349",
   "FIELD4": "1,215"
 },
 {
   "HCV Registry Veterans in VHA Care in 2015, for the Nation, by VISN and by Station": "605 Loma Linda",
   "FIELD2": "2,675",
   "FIELD3": "2,558",
   "FIELD4": "2,155"
 },
 {
   "HCV Registry Veterans in VHA Care in 2015, for the Nation, by VISN and by Station": "607 Madison",
   "FIELD2": "960",
   "FIELD3": "905",
   "FIELD4": "802"
 },
 {
   "HCV Registry Veterans in VHA Care in 2015, for the Nation, by VISN and by Station": "608 Manchester",
   "FIELD2": "546",
   "FIELD3": "505",
   "FIELD4": "414"
 },
 {
   "HCV Registry Veterans in VHA Care in 2015, for the Nation, by VISN and by Station": "610 Marion",
   "FIELD2": "1,218",
   "FIELD3": "1,147",
   "FIELD4": "932"
 },
 {
   "HCV Registry Veterans in VHA Care in 2015, for the Nation, by VISN and by Station": "612 Martinez",
   "FIELD2": "4,066",
   "FIELD3": "3,933",
   "FIELD4": "3,400"
 },
 {
   "HCV Registry Veterans in VHA Care in 2015, for the Nation, by VISN and by Station": "613 Martinsburg",
   "FIELD2": "1,315",
   "FIELD3": "1,201",
   "FIELD4": "1,090"
 },
 {
   "HCV Registry Veterans in VHA Care in 2015, for the Nation, by VISN and by Station": "614 Memphis",
   "FIELD2": "2,455",
   "FIELD3": "2,344",
   "FIELD4": "1,916"
 },
 {
   "HCV Registry Veterans in VHA Care in 2015, for the Nation, by VISN and by Station": "618 Minneapolis",
   "FIELD2": "2,221",
   "FIELD3": "2,096",
   "FIELD4": "1,762"
 },
 {
   "HCV Registry Veterans in VHA Care in 2015, for the Nation, by VISN and by Station": "619 Montgomery",
   "FIELD2": "1,433",
   "FIELD3": "1,347",
   "FIELD4": "1,157"
 },
 {
   "HCV Registry Veterans in VHA Care in 2015, for the Nation, by VISN and by Station": "620 Montrose",
   "FIELD2": "970",
   "FIELD3": "903",
   "FIELD4": "736"
 },
 {
   "HCV Registry Veterans in VHA Care in 2015, for the Nation, by VISN and by Station": "621 Mountain Home",
   "FIELD2": "1,980",
   "FIELD3": "1,857",
   "FIELD4": "1,607"
 },
 {
   "HCV Registry Veterans in VHA Care in 2015, for the Nation, by VISN and by Station": "623 Muskogee",
   "FIELD2": "1,567",
   "FIELD3": "1,410",
   "FIELD4": "1,143"
 },
 {
   "HCV Registry Veterans in VHA Care in 2015, for the Nation, by VISN and by Station": "626 Nashville",
   "FIELD2": "3,113",
   "FIELD3": "2,941",
   "FIELD4": "2,606"
 },
 {
   "HCV Registry Veterans in VHA Care in 2015, for the Nation, by VISN and by Station": "629 New Orleans",
   "FIELD2": "2,079",
   "FIELD3": "2,016",
   "FIELD4": "1,853"
 },
 {
   "HCV Registry Veterans in VHA Care in 2015, for the Nation, by VISN and by Station": "630 New York",
   "FIELD2": "3,194",
   "FIELD3": "2,877",
   "FIELD4": "2,368"
 },
 {
   "HCV Registry Veterans in VHA Care in 2015, for the Nation, by VISN and by Station": "631 Northampton",
   "FIELD2": "904",
   "FIELD3": "840",
   "FIELD4": "746"
 },
 {
   "HCV Registry Veterans in VHA Care in 2015, for the Nation, by VISN and by Station": "632 Northport",
   "FIELD2": "838",
   "FIELD3": "773",
   "FIELD4": "673"
 },
 {
   "HCV Registry Veterans in VHA Care in 2015, for the Nation, by VISN and by Station": "635 Oklahoma City",
   "FIELD2": "2,140",
   "FIELD3": "2,001",
   "FIELD4": "1,746"
 },
 {
   "HCV Registry Veterans in VHA Care in 2015, for the Nation, by VISN and by Station": "636 Omaha",
   "FIELD2": "3,009",
   "FIELD3": "2,812",
   "FIELD4": "2,294"
 },
 {
   "HCV Registry Veterans in VHA Care in 2015, for the Nation, by VISN and by Station": "637 Asheville",
   "FIELD2": "1,674",
   "FIELD3": "1,602",
   "FIELD4": "1,438"
 },
 {
   "HCV Registry Veterans in VHA Care in 2015, for the Nation, by VISN and by Station": "640 Palo Alto",
   "FIELD2": "3,110",
   "FIELD3": "2,960",
   "FIELD4": "2,489"
 },
 {
   "HCV Registry Veterans in VHA Care in 2015, for the Nation, by VISN and by Station": "642 Philadelphia",
   "FIELD2": "3,903",
   "FIELD3": "3,687",
   "FIELD4": "3,223"
 },
 {
   "HCV Registry Veterans in VHA Care in 2015, for the Nation, by VISN and by Station": "644 Phoenix",
   "FIELD2": "3,124",
   "FIELD3": "2,735",
   "FIELD4": "2,306"
 },
 {
   "HCV Registry Veterans in VHA Care in 2015, for the Nation, by VISN and by Station": "646 Pittsburgh",
   "FIELD2": "2,546",
   "FIELD3": "2,419",
   "FIELD4": "2,180"
 },
 {
   "HCV Registry Veterans in VHA Care in 2015, for the Nation, by VISN and by Station": "648 Portland",
   "FIELD2": "4,024",
   "FIELD3": "3,899",
   "FIELD4": "3,184"
 },
 {
   "HCV Registry Veterans in VHA Care in 2015, for the Nation, by VISN and by Station": "649 Prescott",
   "FIELD2": "1,114",
   "FIELD3": "1,027",
   "FIELD4": "792"
 },
 {
   "HCV Registry Veterans in VHA Care in 2015, for the Nation, by VISN and by Station": "650 Providence",
   "FIELD2": "992",
   "FIELD3": "910",
   "FIELD4": "802"
 },
 {
   "HCV Registry Veterans in VHA Care in 2015, for the Nation, by VISN and by Station": "652 Richmond",
   "FIELD2": "2,429",
   "FIELD3": "2,246",
   "FIELD4": "1,958"
 },
 {
   "HCV Registry Veterans in VHA Care in 2015, for the Nation, by VISN and by Station": "653 Roseburg",
   "FIELD2": "1,309",
   "FIELD3": "1,242",
   "FIELD4": "986"
 },
 {
   "HCV Registry Veterans in VHA Care in 2015, for the Nation, by VISN and by Station": "654 Reno",
   "FIELD2": "1,443",
   "FIELD3": "1,321",
   "FIELD4": "1,046"
 },
 {
   "HCV Registry Veterans in VHA Care in 2015, for the Nation, by VISN and by Station": "655 Saginaw",
   "FIELD2": "850",
   "FIELD3": "806",
   "FIELD4": "667"
 },
 {
   "HCV Registry Veterans in VHA Care in 2015, for the Nation, by VISN and by Station": "656 St. Cloud",
   "FIELD2": "807",
   "FIELD3": "752",
   "FIELD4": "599"
 },
 {
   "HCV Registry Veterans in VHA Care in 2015, for the Nation, by VISN and by Station": "657 St. Louis",
   "FIELD2": "4,143",
   "FIELD3": "3,935",
   "FIELD4": "3,235"
 },
 {
   "HCV Registry Veterans in VHA Care in 2015, for the Nation, by VISN and by Station": "658 Salem",
   "FIELD2": "1,189",
   "FIELD3": "1,127",
   "FIELD4": "971"
 },
 {
   "HCV Registry Veterans in VHA Care in 2015, for the Nation, by VISN and by Station": "659 Salisbury",
   "FIELD2": "2,836",
   "FIELD3": "2,684",
   "FIELD4": "2,289"
 },
 {
   "HCV Registry Veterans in VHA Care in 2015, for the Nation, by VISN and by Station": "660 Salt Lake City",
   "FIELD2": "1,463",
   "FIELD3": "1,346",
   "FIELD4": "1,150"
 },
 {
   "HCV Registry Veterans in VHA Care in 2015, for the Nation, by VISN and by Station": "662 San Francisco",
   "FIELD2": "2,593",
   "FIELD3": "2,377",
   "FIELD4": "2,066"
 },
 {
   "HCV Registry Veterans in VHA Care in 2015, for the Nation, by VISN and by Station": "663 Seattle",
   "FIELD2": "4,205",
   "FIELD3": "3,924",
   "FIELD4": "3,206"
 },
 {
   "HCV Registry Veterans in VHA Care in 2015, for the Nation, by VISN and by Station": "664 San Diego",
   "FIELD2": "2,430",
   "FIELD3": "2,305",
   "FIELD4": "1,927"
 },
 {
   "HCV Registry Veterans in VHA Care in 2015, for the Nation, by VISN and by Station": "666 Sheridan",
   "FIELD2": "440",
   "FIELD3": "409",
   "FIELD4": "327"
 },
 {
   "HCV Registry Veterans in VHA Care in 2015, for the Nation, by VISN and by Station": "667 Shreveport",
   "FIELD2": "1,656",
   "FIELD3": "1,558",
   "FIELD4": "1,360"
 },
 {
   "HCV Registry Veterans in VHA Care in 2015, for the Nation, by VISN and by Station": "668 Spokane",
   "FIELD2": "1,210",
   "FIELD3": "1,105",
   "FIELD4": "831"
 },
 {
   "HCV Registry Veterans in VHA Care in 2015, for the Nation, by VISN and by Station": "671 San Antonio",
   "FIELD2": "2,843",
   "FIELD3": "2,676",
   "FIELD4": "2,227"
 },
 {
   "HCV Registry Veterans in VHA Care in 2015, for the Nation, by VISN and by Station": "672 San Juan",
   "FIELD2": "2,187",
   "FIELD3": "1,872",
   "FIELD4": "1,406"
 },
 {
   "HCV Registry Veterans in VHA Care in 2015, for the Nation, by VISN and by Station": "673 Tampa",
   "FIELD2": "3,694",
   "FIELD3": "3,301",
   "FIELD4": "2,687"
 },
 {
   "HCV Registry Veterans in VHA Care in 2015, for the Nation, by VISN and by Station": "674 Temple",
   "FIELD2": "3,302",
   "FIELD3": "3,055",
   "FIELD4": "2,583"
 },
 {
   "HCV Registry Veterans in VHA Care in 2015, for the Nation, by VISN and by Station": "675 Orlando",
   "FIELD2": "3,231",
   "FIELD3": "3,175",
   "FIELD4": "2,931"
 },
 {
   "HCV Registry Veterans in VHA Care in 2015, for the Nation, by VISN and by Station": "676 Tomah",
   "FIELD2": "520",
   "FIELD3": "373",
   "FIELD4": "307"
 },
 {
   "HCV Registry Veterans in VHA Care in 2015, for the Nation, by VISN and by Station": "678 Tucson",
   "FIELD2": "1,763",
   "FIELD3": "1,689",
   "FIELD4": "1,373"
 },
 {
   "HCV Registry Veterans in VHA Care in 2015, for the Nation, by VISN and by Station": "679 Tuscaloosa",
   "FIELD2": "626",
   "FIELD3": "572",
   "FIELD4": "461"
 },
 {
   "HCV Registry Veterans in VHA Care in 2015, for the Nation, by VISN and by Station": "687 Walla Walla",
   "FIELD2": "684",
   "FIELD3": "637",
   "FIELD4": "487"
 },
 {
   "HCV Registry Veterans in VHA Care in 2015, for the Nation, by VISN and by Station": "688 Washington DC",
   "FIELD2": "3,188",
   "FIELD3": "2,947",
   "FIELD4": "2,650"
 },
 {
   "HCV Registry Veterans in VHA Care in 2015, for the Nation, by VISN and by Station": "689 West Haven",
   "FIELD2": "2,023",
   "FIELD3": "1,823",
   "FIELD4": "1,554"
 },
 {
   "HCV Registry Veterans in VHA Care in 2015, for the Nation, by VISN and by Station": "691 West Los Angeles",
   "FIELD2": "5,032",
   "FIELD3": "4,813",
   "FIELD4": "4,285"
 },
 {
   "HCV Registry Veterans in VHA Care in 2015, for the Nation, by VISN and by Station": "692 White City",
   "FIELD2": "1,028",
   "FIELD3": "1,011",
   "FIELD4": "869"
 },
 {
   "HCV Registry Veterans in VHA Care in 2015, for the Nation, by VISN and by Station": "693 Wilkes-Barre",
   "FIELD2": "1,131",
   "FIELD3": "1,051",
   "FIELD4": "813"
 },
 {
   "HCV Registry Veterans in VHA Care in 2015, for the Nation, by VISN and by Station": "695 Milwaukee",
   "FIELD2": "1,588",
   "FIELD3": "1,502",
   "FIELD4": "1,308"
 },
 {
   "HCV Registry Veterans in VHA Care in 2015, for the Nation, by VISN and by Station": "740 Harlingen",
   "FIELD2": "753",
   "FIELD3": "664",
   "FIELD4": "622"
 },
 {
   "HCV Registry Veterans in VHA Care in 2015, for the Nation, by VISN and by Station": "756 El Paso",
   "FIELD2": "805",
   "FIELD3": "749",
   "FIELD4": "603"
 },
 {
   "HCV Registry Veterans in VHA Care in 2015, for the Nation, by VISN and by Station": "757 Columbus",
   "FIELD2": "1,215",
   "FIELD3": "1,145",
   "FIELD4": "1,010"
 }
]